Merchant ID,Merchant Name,Tentative AOV,Currency,Sample Product Count,Method,Source File,Source Date
362158,Winix,147.6,,5,five_product_average,YP Top Amazon Offers (7-6) .xlsx,2026-07-06
362233,O Positiv,41.98,,5,five_product_average,YP Top Amazon Offers (7-6) .xlsx,2026-07-06
362235,Feetures,30.05,,5,five_product_average,YP Top Amazon Offers (7-6) .xlsx,2026-07-06
362247,Physician's Choice,31.65,,5,five_product_average,YP Top Amazon Offers (7-6) .xlsx,2026-07-06
362342,Nulastin,126.67,,5,five_product_average,YP Top Amazon Offers (7-6) .xlsx,2026-07-06
362653,Shokz Official,136.62,,5,five_product_average,YP Top Amazon Offers (7-6) .xlsx,2026-07-06
362738,WOLFBOX,127.32,,5,five_product_average,YP Top Amazon Offers (7-6) .xlsx,2026-07-06
363099,Sparthos,28.97,,5,five_product_average,YP Top Amazon Offers (7-6) .xlsx,2026-07-06
363152,Valerion,2132.33,,5,five_product_average,YP Top Amazon Offers (7-6) .xlsx,2026-07-06
363249,BettaOfficial,376.57,,5,five_product_average,YP Top Amazon Offers (7-6) .xlsx,2026-07-06
363253,Mellanni,60.99,,5,five_product_average,YP Top Amazon Offers (7-6) .xlsx,2026-07-06
363298,MaryRuth Organics,34.62,,5,five_product_average,YP Top Amazon Offers (7-6) .xlsx,2026-07-06
363300,Fellow Industries Inc.,29.95,,5,five_product_average,YP Top Amazon Offers (7-6) .xlsx,2026-07-06
363327,Seed Health Inc,66.66,,5,five_product_average,YP Top Amazon Offers (7-6) .xlsx,2026-07-06
363384,Willit Sports,23.99,,5,five_product_average,YP Top Amazon Offers (7-6) .xlsx,2026-07-06
363396,Designs for Health,29.16,,5,five_product_average,YP Top Amazon Offers (7-6) .xlsx,2026-07-06
363433,ColourPop Cosmetics,8,,5,five_product_average,YP Top Amazon Offers (7-6) .xlsx,2026-07-06
363463,Ulike,246.66,,5,five_product_average,YP Top Amazon Offers (7-6) .xlsx,2026-07-06
363501,Nutricost,31.47,,5,five_product_average,YP Top Amazon Offers (7-6) .xlsx,2026-07-06
363503,Luna Bean,21.64,,5,five_product_average,YP Top Amazon Offers (7-6) .xlsx,2026-07-06
369185,Thermacell,36.06,,5,five_product_average,YP Top Amazon Offers (7-6) .xlsx,2026-07-06
369207,Amazfit,268.32,,5,five_product_average,YP Top Amazon Offers (7-6) .xlsx,2026-07-06
369345,Bloom,24.71,,5,five_product_average,YP Top Amazon Offers (7-6) .xlsx,2026-07-06
380662,Freebird,56.62,,5,five_product_average,YP Top Amazon Offers (7-6) .xlsx,2026-07-06
380725,Sun Bum,22.5,,5,five_product_average,YP Top Amazon Offers (7-6) .xlsx,2026-07-06
380787,Peach & Lily,8.29,,5,five_product_average,YP Top Amazon Offers (7-6) .xlsx,2026-07-06
380798,Pandora,110,,5,five_product_average,YP Top Amazon Offers (7-6) .xlsx,2026-07-06
380813,MERACHFITNESS,148.99,,5,five_product_average,YP Top Amazon Offers (7-6) .xlsx,2026-07-06
380864,Project Cloud,39.9,,5,five_product_average,YP Top Amazon Offers (7-6) .xlsx,2026-07-06
380945,Merach,103.32,,5,five_product_average,YP Top Amazon Offers (7-6) .xlsx,2026-07-06
380959,Chefman,111.66,,5,five_product_average,YP Top Amazon Offers (7-6) .xlsx,2026-07-06
381366,WaterBoy,39.99,,5,five_product_average,YP Top Amazon Offers (7-6) .xlsx,2026-07-06
381969,Bonafide,89.66,,5,five_product_average,YP Top Amazon Offers (7-6) .xlsx,2026-07-06
382157,Coop Home Goods,44.67,,5,five_product_average,YP Top Amazon Offers (7-6) .xlsx,2026-07-06
383441,Ogee,63,,5,five_product_average,YP Top Amazon Offers (7-6) .xlsx,2026-07-06
383493,OUNUO,79.99,,5,five_product_average,YP Top Amazon Offers (7-6) .xlsx,2026-07-06
383772,Roborock,809.99,,5,five_product_average,YP Top Amazon Offers (7-6) .xlsx,2026-07-06
384493,YOLEO,113.46,,5,five_product_average,YP Top Amazon Offers (7-6) .xlsx,2026-07-06
384570,Strider,229.99,,5,five_product_average,YP Top Amazon Offers (7-6) .xlsx,2026-07-06
384684,Hustle Butter Deluxe,21.66,,5,five_product_average,YP Top Amazon Offers (7-6) .xlsx,2026-07-06
385281,Anua,22.67,,5,five_product_average,YP Top Amazon Offers (7-6) .xlsx,2026-07-06
385442,"Rhino USA, Inc.",49.63,,5,five_product_average,YP Top Amazon Offers (7-6) .xlsx,2026-07-06
387792,RENPHO WELLNESS,75.32,,5,five_product_average,YP Top Amazon Offers (7-6) .xlsx,2026-07-06
387793,RENPHO Group,29.99,,5,five_product_average,YP Top Amazon Offers (7-6) .xlsx,2026-07-06
387988,Sawyer,15.31,,5,five_product_average,YP Top Amazon Offers (7-6) .xlsx,2026-07-06
388011,SKINTIFIC US STORE,13.9,,5,five_product_average,YP Top Amazon Offers (7-6) .xlsx,2026-07-06
398751,ECOFLOW,1042.33,,5,five_product_average,YP Top Amazon Offers (7-6) .xlsx,2026-07-06
398843,Bassbloom,50.66,,5,five_product_average,YP Top Amazon Offers (7-6) .xlsx,2026-07-06
399032,WYBOT,359.99,,5,five_product_average,YP Top Amazon Offers (7-6) .xlsx,2026-07-06
362152,Wolf Tactical USA,54.66,USD,5,five_product_average,YP Amazon Offers (7-9)  .xlsx,2026-07-09
362253,Micro Ingredients,34.98,USD,5,five_product_average,YP Amazon Offers (7-9)  .xlsx,2026-07-09
362257,"Aloderma Skin Care, AloeCure Aloe Juice & Capsules",13.32,USD,5,five_product_average,YP Amazon Offers (7-9)  .xlsx,2026-07-09
362349,SUNUV,33.66,USD,5,five_product_average,YP Amazon Offers (7-9)  .xlsx,2026-07-09
362355,Stokke,245.67,USD,5,five_product_average,YP Amazon Offers (7-9)  .xlsx,2026-07-09
362385,LAFCO,46.67,USD,5,five_product_average,YP Amazon Offers (7-9)  .xlsx,2026-07-09
362429,PLAUD AI DE,176.27,EUR,5,five_product_average,YP Amazon Offers (7-9)  .xlsx,2026-07-09
362493,DR Vitamin Solutions,30.66,USD,5,five_product_average,YP Amazon Offers (7-9)  .xlsx,2026-07-09
362734,Legend Flame,336,USD,5,five_product_average,YP Amazon Offers (7-9)  .xlsx,2026-07-09
362764,hand2mind,112.82,USD,5,five_product_average,YP Amazon Offers (7-9)  .xlsx,2026-07-09
362770,FLYBIRD,196.66,USD,5,five_product_average,YP Amazon Offers (7-9)  .xlsx,2026-07-09
362838,Big Horn Outdoors®,209.99,USD,5,five_product_average,YP Amazon Offers (7-9)  .xlsx,2026-07-09
362843,WOLFBOX,163.32,EUR,5,five_product_average,YP Amazon Offers (7-9)  .xlsx,2026-07-09
362880,Mr. Pen,6.61,USD,5,five_product_average,YP Amazon Offers (7-9)  .xlsx,2026-07-09
362929,Auraglow,36.67,USD,5,five_product_average,YP Amazon Offers (7-9)  .xlsx,2026-07-09
362973,PLAUD AI FR,169.9,EUR,5,five_product_average,YP Amazon Offers (7-9)  .xlsx,2026-07-09
363068,WOLFBOX,102.99,GBP,5,five_product_average,YP Amazon Offers (7-9)  .xlsx,2026-07-09
363078,Bushbalm Skincare,44.37,USD,5,five_product_average,YP Amazon Offers (7-9)  .xlsx,2026-07-09
363098,Cliganic,47.66,USD,5,five_product_average,YP Amazon Offers (7-9)  .xlsx,2026-07-09
363127,PLAUD AI UK,149,GBP,5,five_product_average,YP Amazon Offers (7-9)  .xlsx,2026-07-09
363145,FXswede,35.46,USD,5,five_product_average,YP Amazon Offers (7-9)  .xlsx,2026-07-09
363155,Hoffree,166.66,USD,5,five_product_average,YP Amazon Offers (7-9)  .xlsx,2026-07-09
363285,First Day,71.93,USD,5,five_product_average,YP Amazon Offers (7-9)  .xlsx,2026-07-09
363334,Zazzee,25.97,USD,5,five_product_average,YP Amazon Offers (7-9)  .xlsx,2026-07-09
363445,Evolution Outdoor,91.4,USD,5,five_product_average,YP Amazon Offers (7-9)  .xlsx,2026-07-09
363473,Serenity Kids,68.57,USD,5,five_product_average,YP Amazon Offers (7-9)  .xlsx,2026-07-09
364545,CoquusAid,66.31,USD,5,five_product_average,YP Amazon Offers (7-9)  .xlsx,2026-07-09
365036,FIFINE,26.11,USD,5,five_product_average,YP Amazon Offers (7-9)  .xlsx,2026-07-09
365059,FOUR UNCLES,38.07,USD,5,five_product_average,YP Amazon Offers (7-9)  .xlsx,2026-07-09
365227,GAMMA+,24.28,USD,5,five_product_average,YP Amazon Offers (7-9)  .xlsx,2026-07-09
365644,Hiker Hunger Outfitters,51.63,USD,5,five_product_average,YP Amazon Offers (7-9)  .xlsx,2026-07-09
365962,KPKitchen,30.99,USD,5,five_product_average,YP Amazon Offers (7-9)  .xlsx,2026-07-09
366689,Nadex,11.99,USD,5,five_product_average,YP Amazon Offers (7-9)  .xlsx,2026-07-09
366757,NoCry,16.95,USD,5,five_product_average,YP Amazon Offers (7-9)  .xlsx,2026-07-09
367099,Pete's Pasta,29.99,USD,5,five_product_average,YP Amazon Offers (7-9)  .xlsx,2026-07-09
368258,Trideer,27.38,USD,5,five_product_average,YP Amazon Offers (7-9)  .xlsx,2026-07-09
368628,Wise Owl Outfitters,39.93,USD,5,five_product_average,YP Amazon Offers (7-9)  .xlsx,2026-07-09
368764,ZAFRO,247.37,USD,5,five_product_average,YP Amazon Offers (7-9)  .xlsx,2026-07-09
368867,bmanl,39.99,USD,5,five_product_average,YP Amazon Offers (7-9)  .xlsx,2026-07-09
369012,oneisall,58.66,USD,5,five_product_average,YP Amazon Offers (7-9)  .xlsx,2026-07-09
369100,v AV Access,121.32,USD,5,five_product_average,YP Amazon Offers (7-9)  .xlsx,2026-07-09
369276,Queen of Thrones,27.14,USD,5,five_product_average,YP Amazon Offers (7-9)  .xlsx,2026-07-09
380534,MyHalos,16.66,USD,5,five_product_average,YP Amazon Offers (7-9)  .xlsx,2026-07-09
380545,PurSteam,89.97,USD,5,five_product_average,YP Amazon Offers (7-9)  .xlsx,2026-07-09
380550,Apolosign,303.32,USD,5,five_product_average,YP Amazon Offers (7-9)  .xlsx,2026-07-09
380639,Bedsure,38.66,USD,5,five_product_average,YP Amazon Offers (7-9)  .xlsx,2026-07-09
380753,Lucyd,55.44,USD,5,five_product_average,YP Amazon Offers (7-9)  .xlsx,2026-07-09
380766,Liwunon-US Top Seller,163.32,USD,5,five_product_average,YP Amazon Offers (7-9)  .xlsx,2026-07-09
380814,Bits And Pieces USA,78.32,USD,5,five_product_average,YP Amazon Offers (7-9)  .xlsx,2026-07-09
380975,A&D Medical,94.32,CAD,5,five_product_average,YP Amazon Offers (7-9)  .xlsx,2026-07-09
381593,GeerDuo Pet,26.69,USD,5,five_product_average,YP Amazon Offers (7-9)  .xlsx,2026-07-09
381680,Aerotrunk,41.32,USD,5,five_product_average,YP Amazon Offers (7-9)  .xlsx,2026-07-09
381836,AUTEL,402.33,USD,5,five_product_average,YP Amazon Offers (7-9)  .xlsx,2026-07-09
382140,Colugo,113.07,USD,5,five_product_average,YP Amazon Offers (7-9)  .xlsx,2026-07-09
382345,Electactic,197.04,USD,5,five_product_average,YP Amazon Offers (7-9)  .xlsx,2026-07-09
382495,Frieling,229.95,USD,5,five_product_average,YP Amazon Offers (7-9)  .xlsx,2026-07-09
383064,Liene,188.32,USD,5,five_product_average,YP Amazon Offers (7-9)  .xlsx,2026-07-09
383184,MAONO,76.57,USD,5,five_product_average,YP Amazon Offers (7-9)  .xlsx,2026-07-09
383389,Night Cat,125.58,USD,5,five_product_average,YP Amazon Offers (7-9)  .xlsx,2026-07-09
383459,Omezizy,73.73,USD,5,five_product_average,YP Amazon Offers (7-9)  .xlsx,2026-07-09
383493,OUNUO,79.99,USD,5,five_product_average,YP Amazon Offers (7-9)  .xlsx,2026-07-09
383817,R.W.FLAME,173.32,USD,5,five_product_average,YP Amazon Offers (7-9)  .xlsx,2026-07-09
383938,SK-II,174.34,USD,5,five_product_average,YP Amazon Offers (7-9)  .xlsx,2026-07-09
384080,SURI: Sustainable Rituals,95.2,USD,5,five_product_average,YP Amazon Offers (7-9)  .xlsx,2026-07-09
384099,SYOKAMI,60.99,USD,5,five_product_average,YP Amazon Offers (7-9)  .xlsx,2026-07-09
384493,YOLEO,113.46,USD,5,five_product_average,YP Amazon Offers (7-9)  .xlsx,2026-07-09
384580,Step2Health,192.33,USD,5,five_product_average,YP Amazon Offers (7-9)  .xlsx,2026-07-09
384586,Best Choice Products,73.32,USD,5,five_product_average,YP Amazon Offers (7-9)  .xlsx,2026-07-09
384627,OutIn,149.99,USD,5,five_product_average,YP Amazon Offers (7-9)  .xlsx,2026-07-09
384647,EVIQO TECHNOLOGIES,439.33,USD,5,five_product_average,YP Amazon Offers (7-9)  .xlsx,2026-07-09
384748,TUMBLER,149,USD,5,five_product_average,YP Amazon Offers (7-9)  .xlsx,2026-07-09
384761,HCALORY,173.32,USD,5,five_product_average,YP Amazon Offers (7-9)  .xlsx,2026-07-09
384762,GOCHIFIX,72.26,USD,5,five_product_average,YP Amazon Offers (7-9)  .xlsx,2026-07-09
384763,NEEDONE,144.99,USD,5,five_product_average,YP Amazon Offers (7-9)  .xlsx,2026-07-09
384771,BlitzRock,306.2,CAD,5,five_product_average,YP Amazon Offers (7-9)  .xlsx,2026-07-09
384772,LUSIMO,43.65,USD,5,five_product_average,YP Amazon Offers (7-9)  .xlsx,2026-07-09
384776,HOMMPA,140.32,USD,5,five_product_average,YP Amazon Offers (7-9)  .xlsx,2026-07-09
384796,Nuxe,33.5,USD,5,five_product_average,YP Amazon Offers (7-9)  .xlsx,2026-07-09
384810,Laifen-FR,63.32,EUR,5,five_product_average,YP Amazon Offers (7-9)  .xlsx,2026-07-09
384964,ZAFRO,163.2,USD,5,five_product_average,YP Amazon Offers (7-9)  .xlsx,2026-07-09
385006,A Bar Above,25.67,USD,5,five_product_average,YP Amazon Offers (7-9)  .xlsx,2026-07-09
385137,Hongnacom,121.99,USD,5,five_product_average,YP Amazon Offers (7-9)  .xlsx,2026-07-09
385142,Wempumse,37.66,USD,5,five_product_average,YP Amazon Offers (7-9)  .xlsx,2026-07-09
385144,Yanmjunm,24.32,USD,5,five_product_average,YP Amazon Offers (7-9)  .xlsx,2026-07-09
385146,Fadiediy,116.66,USD,5,five_product_average,YP Amazon Offers (7-9)  .xlsx,2026-07-09
385427,Cozy-Fit,27.32,USD,5,five_product_average,YP Amazon Offers (7-9)  .xlsx,2026-07-09
387792,RENPHO WELLNESS,56.98,USD,5,five_product_average,YP Amazon Offers (7-9)  .xlsx,2026-07-09
387793,RENPHO Group,123.46,USD,5,five_product_average,YP Amazon Offers (7-9)  .xlsx,2026-07-09
387977,Clean-eez Cleaning Products,30.28,USD,5,five_product_average,YP Amazon Offers (7-9)  .xlsx,2026-07-09
388465,WFT-Waterdrop,81.99,USD,5,five_product_average,YP Amazon Offers (7-9)  .xlsx,2026-07-09
389025,FLEXISPOT GmbH,182.66,EUR,5,five_product_average,YP Amazon Offers (7-9)  .xlsx,2026-07-09
389040,DJI FR,223.83,EUR,5,five_product_average,YP Amazon Offers (7-9)  .xlsx,2026-07-09
398681,Gyroor,381,USD,5,five_product_average,YP Amazon Offers (7-9)  .xlsx,2026-07-09
398745,Hisense,931.99,USD,5,five_product_average,YP Amazon Offers (7-9)  .xlsx,2026-07-09
398834,Saris,156.66,USD,5,five_product_average,YP Amazon Offers (7-9)  .xlsx,2026-07-09
398836,Hairitage,9.25,USD,5,five_product_average,YP Amazon Offers (7-9)  .xlsx,2026-07-09
398843,Bassbloom,50.66,USD,5,five_product_average,YP Amazon Offers (7-9)  .xlsx,2026-07-09
398946,Wenoker,333.32,USD,5,five_product_average,YP Amazon Offers (7-9)  .xlsx,2026-07-09
399032,WYBOT,398.32,USD,5,five_product_average,YP Amazon Offers (7-9)  .xlsx,2026-07-09
362543,3W,119.99,,5,five_product_average,YP Amazon Offers (7-16) .xlsx,2026-07-16
362734,Legend Flame,297.33,,5,five_product_average,YP Amazon Offers (7-16) .xlsx,2026-07-16
362764,hand2mind,121.65,,5,five_product_average,YP Amazon Offers (7-16) .xlsx,2026-07-16
362770,FLYBIRD,184.99,,5,five_product_average,YP Amazon Offers (7-16) .xlsx,2026-07-16
362825,Tagry,89.74,,5,five_product_average,YP Amazon Offers (7-16) .xlsx,2026-07-16
362838,Big Horn Outdoors®,224.42,,5,five_product_average,YP Amazon Offers (7-16) .xlsx,2026-07-16
362843,WOLFBOX,144.99,,5,five_product_average,YP Amazon Offers (7-16) .xlsx,2026-07-16
362947,BOB AND BRAD US,89.97,,5,five_product_average,YP Amazon Offers (7-16) .xlsx,2026-07-16
362967,Sandhu's,59.64,,5,five_product_average,YP Amazon Offers (7-16) .xlsx,2026-07-16
363262,PROSPEK,36.62,,5,five_product_average,YP Amazon Offers (7-16) .xlsx,2026-07-16
363401,KAHI OFFICIAL,60.11,,5,five_product_average,YP Amazon Offers (7-16) .xlsx,2026-07-16
364159,Bluewood,213.323333,,5,five_product_average,YP Amazon Offers (7-16) .xlsx,2026-07-16
364813,Dupray,442.99,,5,five_product_average,YP Amazon Offers (7-16) .xlsx,2026-07-16
367958,Sunnydaze,106.63,,5,five_product_average,YP Amazon Offers (7-16) .xlsx,2026-07-16
368315,ULTRALOQ,123.32,,5,five_product_average,YP Amazon Offers (7-16) .xlsx,2026-07-16
368772,ZEROXCLUB,149.32,,5,five_product_average,YP Amazon Offers (7-16) .xlsx,2026-07-16
380550,Apolosign,146.66,,5,five_product_average,YP Amazon Offers (7-16) .xlsx,2026-07-16
380889,Flight Knight,93.32,,5,five_product_average,YP Amazon Offers (7-16) .xlsx,2026-07-16
381674,AEEZO,54.323333,,5,five_product_average,YP Amazon Offers (7-16) .xlsx,2026-07-16
382345,Electactic,151.26,,5,five_product_average,YP Amazon Offers (7-16) .xlsx,2026-07-16
382403,Evermyth,69.99,,5,five_product_average,YP Amazon Offers (7-16) .xlsx,2026-07-16
382765,HUANUO,151.07,,5,five_product_average,YP Amazon Offers (7-16) .xlsx,2026-07-16
382783,Hyperice,233.53,,5,five_product_average,YP Amazon Offers (7-16) .xlsx,2026-07-16
383184,MAONO,72,,5,five_product_average,YP Amazon Offers (7-16) .xlsx,2026-07-16
383491,Ottocast,50.2,,5,five_product_average,YP Amazon Offers (7-16) .xlsx,2026-07-16
383817,R.W.FLAME,156.66,,5,five_product_average,YP Amazon Offers (7-16) .xlsx,2026-07-16
384296,URAO,75.99,,5,five_product_average,YP Amazon Offers (7-16) .xlsx,2026-07-16
384700,HUANUO,143.32,,5,five_product_average,YP Amazon Offers (7-16) .xlsx,2026-07-16
384721,Gleeso,89.99,,5,five_product_average,YP Amazon Offers (7-16) .xlsx,2026-07-16
384729,Linkdaze,106.656667,,5,five_product_average,YP Amazon Offers (7-16) .xlsx,2026-07-16
384733,MUISOO,89.99,,5,five_product_average,YP Amazon Offers (7-16) .xlsx,2026-07-16
384748,TUMBLER,201,,5,five_product_average,YP Amazon Offers (7-16) .xlsx,2026-07-16
385496,SHINE-UP,191.32,,5,five_product_average,YP Amazon Offers (7-16) .xlsx,2026-07-16
387792,RENPHO WELLNESS,56.98,USD,5,five_product_average,YP Amazon Offers (7-16) .xlsx,2026-07-16
387793,RENPHO Group,123.46,USD,5,five_product_average,YP Amazon Offers (7-16) .xlsx,2026-07-16
388534,Rockbros,26.99,,5,five_product_average,YP Amazon Offers (7-16) .xlsx,2026-07-16
389038,DJI DE,279.22,,5,five_product_average,YP Amazon Offers (7-16) .xlsx,2026-07-16
389039,DJI UK,302.1,,5,five_product_average,YP Amazon Offers (7-16) .xlsx,2026-07-16
389040,DJI FR,336.77,,5,five_product_average,YP Amazon Offers (7-16) .xlsx,2026-07-16
399096,Chebio,109.99,,5,five_product_average,YP Amazon Offers (7-16) .xlsx,2026-07-16
362158,Winix,179.89,,5,five_product_average,YP Amazon Offers (7-203 .xlsx,2026-07-20
362247,Physician's Choice,34.62125,,5,five_product_average,YP Amazon Offers (7-203 .xlsx,2026-07-20
362382,Mamma Mia Covers,111.99,,5,five_product_average,YP Amazon Offers (7-203 .xlsx,2026-07-20
362418,Beauty In Focus,103.69,,5,five_product_average,YP Amazon Offers (7-203 .xlsx,2026-07-20
362477,RingConn Official Store,200.028947,,5,five_product_average,YP Amazon Offers (7-203 .xlsx,2026-07-20
362488,SIHOO,217.878333,,5,five_product_average,YP Amazon Offers (7-203 .xlsx,2026-07-20
362570,Spreetail,317.789,,5,five_product_average,YP Amazon Offers (7-203 .xlsx,2026-07-20
362737,Aeocky Direct,237.49,,5,five_product_average,YP Amazon Offers (7-203 .xlsx,2026-07-20
362825,Tagry,89.99,,5,five_product_average,YP Amazon Offers (7-203 .xlsx,2026-07-20
362838,Big Horn Outdoors®,174.99,,5,five_product_average,YP Amazon Offers (7-203 .xlsx,2026-07-20
362847,Innova,269,,5,five_product_average,YP Amazon Offers (7-203 .xlsx,2026-07-20
362924,PetCove Shop,101.24,,5,five_product_average,YP Amazon Offers (7-203 .xlsx,2026-07-20
363127,PLAUD AI UK,153.075,,5,five_product_average,YP Amazon Offers (7-203 .xlsx,2026-07-20
363140,Lifepro Fitness LLC,219.093333,,5,five_product_average,YP Amazon Offers (7-203 .xlsx,2026-07-20
363152,Valerion,2132.33,,5,five_product_average,YP Amazon Offers (7-203 .xlsx,2026-07-20
363209,BOB Gear,581.876667,,5,five_product_average,YP Amazon Offers (7-203 .xlsx,2026-07-20
363228,REDTIGER,135.080909,,5,five_product_average,YP Amazon Offers (7-203 .xlsx,2026-07-20
363260,Max & Lily Kid's Furniture,332.077059,,5,five_product_average,YP Amazon Offers (7-203 .xlsx,2026-07-20
363327,Seed Health Inc,62.934259,,5,five_product_average,YP Amazon Offers (7-203 .xlsx,2026-07-20
363328,VEAGASO,139.99,,5,five_product_average,YP Amazon Offers (7-203 .xlsx,2026-07-20
363333,Friendship Lamps powered by Filimin,168.05,,5,five_product_average,YP Amazon Offers (7-203 .xlsx,2026-07-20
363473,Serenity Kids,109.95,,5,five_product_average,YP Amazon Offers (7-203 .xlsx,2026-07-20
363486,PuroAir,141.143846,,5,five_product_average,YP Amazon Offers (7-203 .xlsx,2026-07-20
363524,Waterdrop,154.534,,5,five_product_average,YP Amazon Offers (7-203 .xlsx,2026-07-20
363605,AIPER,443.323333,,5,five_product_average,YP Amazon Offers (7-203 .xlsx,2026-07-20
363615,ALL4JIG,109.99,,5,five_product_average,YP Amazon Offers (7-203 .xlsx,2026-07-20
364159,Bluewood,213.323333,,5,five_product_average,YP Amazon Offers (7-203 .xlsx,2026-07-20
364682,Dalstrong,179,,5,five_product_average,YP Amazon Offers (7-203 .xlsx,2026-07-20
365057,FORM,239.95,,5,five_product_average,YP Amazon Offers (7-203 .xlsx,2026-07-20
367217,PuroAir,159.99,,5,five_product_average,YP Amazon Offers (7-203 .xlsx,2026-07-20
367929,StyleCraft,179.95,,5,five_product_average,YP Amazon Offers (7-203 .xlsx,2026-07-20
368498,Vivtone,254.016,,5,five_product_average,YP Amazon Offers (7-203 .xlsx,2026-07-20
369033,qimedo,149.97,,5,five_product_average,YP Amazon Offers (7-203 .xlsx,2026-07-20
369100,v AV Access,187.530909,,5,five_product_average,YP Amazon Offers (7-203 .xlsx,2026-07-20
369328,Clarifion,110.17,,5,five_product_average,YP Amazon Offers (7-203 .xlsx,2026-07-20
369405,Timekettle,216.45,,5,five_product_average,YP Amazon Offers (7-203 .xlsx,2026-07-20
378620,JasionBike,682.906667,,5,five_product_average,YP Amazon Offers (7-203 .xlsx,2026-07-20
380616,Afina,129,,5,five_product_average,YP Amazon Offers (7-203 .xlsx,2026-07-20
380760,Momcozy Store 1,82.731481,,5,five_product_average,YP Amazon Offers (7-203 .xlsx,2026-07-20
380767,Typhur US,138.964545,,5,five_product_average,YP Amazon Offers (7-203 .xlsx,2026-07-20
380843,CHEF iQ,137.46,,5,five_product_average,YP Amazon Offers (7-203 .xlsx,2026-07-20
380911,The California Beach Co.,134.98,,5,five_product_average,YP Amazon Offers (7-203 .xlsx,2026-07-20
380959,Chefman,111.351579,,5,five_product_average,YP Amazon Offers (7-203 .xlsx,2026-07-20
381018,Babysense UK,108.182222,,5,five_product_average,YP Amazon Offers (7-203 .xlsx,2026-07-20
381371,Liforme,124.966667,,5,five_product_average,YP Amazon Offers (7-203 .xlsx,2026-07-20
381558,Babysense FR,124.145,,5,five_product_average,YP Amazon Offers (7-203 .xlsx,2026-07-20
381624,PETRA TOOLS,149.99,,5,five_product_average,YP Amazon Offers (7-203 .xlsx,2026-07-20
381674,AEEZO,54.323333,,5,five_product_average,YP Amazon Offers (7-203 .xlsx,2026-07-20
381677,AEOCKY,249.99,,5,five_product_average,YP Amazon Offers (7-203 .xlsx,2026-07-20
381721,Alpcour,189.95,,5,five_product_average,YP Amazon Offers (7-203 .xlsx,2026-07-20
381969,Bonafide,106.16,,5,five_product_average,YP Amazon Offers (7-203 .xlsx,2026-07-20
382140,Colugo,209.3,,5,five_product_average,YP Amazon Offers (7-203 .xlsx,2026-07-20
382403,Evermyth,69.99,,5,five_product_average,YP Amazon Offers (7-203 .xlsx,2026-07-20
382417,EyeVac,235.998,,5,five_product_average,YP Amazon Offers (7-203 .xlsx,2026-07-20
382495,Frieling,256.08,,5,five_product_average,YP Amazon Offers (7-203 .xlsx,2026-07-20
382616,G-Promise,104.21,,5,five_product_average,YP Amazon Offers (7-203 .xlsx,2026-07-20
382846,iRESTORE,898.430833,,5,five_product_average,YP Amazon Offers (7-203 .xlsx,2026-07-20
383491,Ottocast,50.2,,5,five_product_average,YP Amazon Offers (7-203 .xlsx,2026-07-20
383566,Petorldog,149.99,,5,five_product_average,YP Amazon Offers (7-203 .xlsx,2026-07-20
383817,R.W.FLAME,189.99,,5,five_product_average,YP Amazon Offers (7-203 .xlsx,2026-07-20
383836,Saker,109.99,,5,five_product_average,YP Amazon Offers (7-203 .xlsx,2026-07-20
383962,Snoozer,156.15,,5,five_product_average,YP Amazon Offers (7-203 .xlsx,2026-07-20
384080,SURI: Sustainable Rituals,134.99,,5,five_product_average,YP Amazon Offers (7-203 .xlsx,2026-07-20
384296,URAO,75.99,,5,five_product_average,YP Amazon Offers (7-203 .xlsx,2026-07-20
384570,Strider,189.433333,,5,five_product_average,YP Amazon Offers (7-203 .xlsx,2026-07-20
384580,Step2Health,155.2,,5,five_product_average,YP Amazon Offers (7-203 .xlsx,2026-07-20
384668,Birdfy,121.581765,,5,five_product_average,YP Amazon Offers (7-203 .xlsx,2026-07-20
384705,Blueair,101.466176,,5,five_product_average,YP Amazon Offers (7-203 .xlsx,2026-07-20
384721,Gleeso,89.99,,5,five_product_average,YP Amazon Offers (7-203 .xlsx,2026-07-20
384729,Linkdaze,106.656667,,5,five_product_average,YP Amazon Offers (7-203 .xlsx,2026-07-20
384733,MUISOO,89.99,,5,five_product_average,YP Amazon Offers (7-203 .xlsx,2026-07-20
384748,TUMBLER,129,,5,five_product_average,YP Amazon Offers (7-203 .xlsx,2026-07-20
385276,Sun Ninja,169.95,,5,five_product_average,YP Amazon Offers (7-203 .xlsx,2026-07-20
385304,AXIL,119.99,,5,five_product_average,YP Amazon Offers (7-203 .xlsx,2026-07-20
385463,ANTHBOT FR,848.666667,,5,five_product_average,YP Amazon Offers (7-203 .xlsx,2026-07-20
385602,Beatbot Amazon,731.699667,,5,five_product_average,YP Amazon Offers (7-203 .xlsx,2026-07-20
386612,ZOSI,115.39,,5,five_product_average,YP Amazon Offers (7-203 .xlsx,2026-07-20
387267,Roborock Amazon US,412.412692,,5,five_product_average,YP Amazon Offers (7-203 .xlsx,2026-07-20
387792,RENPHO WELLNESS,56.98,USD,5,five_product_average,YP Amazon Offers (7-203 .xlsx,2026-07-20
387793,RENPHO Group,123.46,USD,5,five_product_average,YP Amazon Offers (7-203 .xlsx,2026-07-20
388530,Mamazing,104.986667,,5,five_product_average,YP Amazon Offers (7-203 .xlsx,2026-07-20
388534,Rockbros,26.99,,5,five_product_average,YP Amazon Offers (7-203 .xlsx,2026-07-20
389038,DJI DE,279.22,,5,five_product_average,YP Amazon Offers (7-203 .xlsx,2026-07-20
389039,DJI UK,302.1,,5,five_product_average,YP Amazon Offers (7-203 .xlsx,2026-07-20
389040,DJI FR,302.1,,5,five_product_average,YP Amazon Offers (7-203 .xlsx,2026-07-20
398751,ECOFLOW,1261.7,,5,five_product_average,YP Amazon Offers (7-203 .xlsx,2026-07-20
398834,Saris,119.99,,5,five_product_average,YP Amazon Offers (7-203 .xlsx,2026-07-20
399096,Chebio,109.99,,5,five_product_average,YP Amazon Offers (7-203 .xlsx,2026-07-20
362825,Tagry,89.99,,5,five_product_average,YP Amazon Offers (7-23).xlsx,2026-07-23
364159,Bluewood,213.323333,,5,five_product_average,YP Amazon Offers (7-23).xlsx,2026-07-23
381674,AEEZO,54.323333,,5,five_product_average,YP Amazon Offers (7-23).xlsx,2026-07-23
382403,Evermyth,69.99,,5,five_product_average,YP Amazon Offers (7-23).xlsx,2026-07-23
383491,Ottocast,50.2,,5,five_product_average,YP Amazon Offers (7-23).xlsx,2026-07-23
384296,URAO,75.99,,5,five_product_average,YP Amazon Offers (7-23).xlsx,2026-07-23
384721,Gleeso,89.99,,5,five_product_average,YP Amazon Offers (7-23).xlsx,2026-07-23
384729,Linkdaze,106.656667,,5,five_product_average,YP Amazon Offers (7-23).xlsx,2026-07-23
384733,MUISOO,89.99,,5,five_product_average,YP Amazon Offers (7-23).xlsx,2026-07-23
385463,ANTHBOT FR,848.666667,,5,five_product_average,YP Amazon Offers (7-23).xlsx,2026-07-23
387792,RENPHO WELLNESS,56.98,USD,5,five_product_average,YP Amazon Offers (7-23).xlsx,2026-07-23
387793,RENPHO Group,123.46,USD,5,five_product_average,YP Amazon Offers (7-23).xlsx,2026-07-23
388534,Rockbros,26.99,,5,five_product_average,YP Amazon Offers (7-23).xlsx,2026-07-23
389038,DJI DE,279.22,,5,five_product_average,YP Amazon Offers (7-23).xlsx,2026-07-23
389039,DJI UK,302.1,,5,five_product_average,YP Amazon Offers (7-23).xlsx,2026-07-23
389040,DJI FR,302.1,,5,five_product_average,YP Amazon Offers (7-23).xlsx,2026-07-23
399096,Chebio,109.99,,5,five_product_average,YP Amazon Offers (7-23).xlsx,2026-07-23
362770,FLYBIRD,166.52,,5,five_product_average,YP Amazon Offers (7-30) .xlsx,2026-07-30
363268,MANSPOT,36.11,,5,five_product_average,YP Amazon Offers (7-30) .xlsx,2026-07-30
363486,PuroAir,150.481071,,5,five_product_average,YP Amazon Offers (7-30) .xlsx,2026-07-30
363524,Waterdrop,142.939091,,5,five_product_average,YP Amazon Offers (7-30) .xlsx,2026-07-30
363615,ALL4JIG,109.99,,5,five_product_average,YP Amazon Offers (7-30) .xlsx,2026-07-30
364552,Country Kitchen,109.99,,5,five_product_average,YP Amazon Offers (7-30) .xlsx,2026-07-30
364682,Dalstrong,218.5,,5,five_product_average,YP Amazon Offers (7-30) .xlsx,2026-07-30
364813,Dupray,257.901667,,5,five_product_average,YP Amazon Offers (7-30) .xlsx,2026-07-30
365036,FIFINE,101.849412,,5,five_product_average,YP Amazon Offers (7-30) .xlsx,2026-07-30
365057,FORM,239.95,,5,five_product_average,YP Amazon Offers (7-30) .xlsx,2026-07-30
365296,Gaffer Power,133.253333,,5,five_product_average,YP Amazon Offers (7-30) .xlsx,2026-07-30
365789,Intex,204.312857,,5,five_product_average,YP Amazon Offers (7-30) .xlsx,2026-07-30
367394,Rev-A-Shelf,276.74,,5,five_product_average,YP Amazon Offers (7-30) .xlsx,2026-07-30
367929,StyleCraft,179.95,,5,five_product_average,YP Amazon Offers (7-30) .xlsx,2026-07-30
368498,Vivtone,250.833636,,5,five_product_average,YP Amazon Offers (7-30) .xlsx,2026-07-30
369001,niphean,301.16,,5,five_product_average,YP Amazon Offers (7-30) .xlsx,2026-07-30
369033,qimedo,125.476667,,5,five_product_average,YP Amazon Offers (7-30) .xlsx,2026-07-30
369100,v AV Access,268.324286,,5,five_product_average,YP Amazon Offers (7-30) .xlsx,2026-07-30
369328,Clarifion,111.12,,5,five_product_average,YP Amazon Offers (7-30) .xlsx,2026-07-30
369405,Timekettle,299.023333,,5,five_product_average,YP Amazon Offers (7-30) .xlsx,2026-07-30
378620,JasionBike,796.799231,,5,five_product_average,YP Amazon Offers (7-30) .xlsx,2026-07-30
380550,Apolosign,307.49,,5,five_product_average,YP Amazon Offers (7-30) .xlsx,2026-07-30
380616,Afina,109.05,,5,five_product_average,YP Amazon Offers (7-30) .xlsx,2026-07-30
380741,Wahl Clipper Corporation,101.277879,,5,five_product_average,YP Amazon Offers (7-30) .xlsx,2026-07-30
380767,Typhur US,146.033529,,5,five_product_average,YP Amazon Offers (7-30) .xlsx,2026-07-30
380843,CHEF iQ,113.351111,,5,five_product_average,YP Amazon Offers (7-30) .xlsx,2026-07-30
380911,The California Beach Co.,138.558571,,5,five_product_average,YP Amazon Offers (7-30) .xlsx,2026-07-30
380936,East Oak,204.99,,5,five_product_average,YP Amazon Offers (7-30) .xlsx,2026-07-30
380959,Chefman,115.513167,,5,five_product_average,YP Amazon Offers (7-30) .xlsx,2026-07-30
381018,Babysense UK,104.554286,,5,five_product_average,YP Amazon Offers (7-30) .xlsx,2026-07-30
381027,Embark Vet,120.064,,5,five_product_average,YP Amazon Offers (7-30) .xlsx,2026-07-30
381371,Liforme,117.46875,,5,five_product_average,YP Amazon Offers (7-30) .xlsx,2026-07-30
381468,Mikolo Fitness,629.99,,5,five_product_average,YP Amazon Offers (7-30) .xlsx,2026-07-30
381558,Babysense FR,123.798571,,5,five_product_average,YP Amazon Offers (7-30) .xlsx,2026-07-30
381624,PETRA TOOLS,149.99,,5,five_product_average,YP Amazon Offers (7-30) .xlsx,2026-07-30
381721,Alpcour,196.583333,,5,five_product_average,YP Amazon Offers (7-30) .xlsx,2026-07-30
382417,EyeVac,223.435,,5,five_product_average,YP Amazon Offers (7-30) .xlsx,2026-07-30
382783,Hyperice,273.615385,,5,five_product_average,YP Amazon Offers (7-30) .xlsx,2026-07-30
382846,iRESTORE,842.460625,,5,five_product_average,YP Amazon Offers (7-30) .xlsx,2026-07-30
383566,Petorldog,149.99,,5,five_product_average,YP Amazon Offers (7-30) .xlsx,2026-07-30
385281,Anua,28.66,,5,five_product_average,YP Amazon Offers (7-30) .xlsx,2026-07-30
385463,ANTHBOT FR,949.4,,5,five_product_average,YP Amazon Offers (7-30) .xlsx,2026-07-30
385602,Beatbot,1379,,5,five_product_average,YP Amazon Offers (7-30) .xlsx,2026-07-30
387792,RENPHO Wellness,84.28,,5,five_product_average,YP Amazon Offers (7-30) .xlsx,2026-07-30
389039,DJI UK,277.7,,5,five_product_average,YP Amazon Offers (7-30) .xlsx,2026-07-30
398438,Svater,69.72,,5,five_product_average,YP Amazon Offers (7-30) .xlsx,2026-07-30
398745,Hisense,1263.14,,5,five_product_average,YP Amazon Offers (7-30) .xlsx,2026-07-30
398751,ECOFLOW,2341.18,,5,five_product_average,YP Amazon Offers (7-30) .xlsx,2026-07-30
399096,CHEBIO,89.98,,5,five_product_average,YP Amazon Offers (7-30) .xlsx,2026-07-30
100129,Beatbot,1379,,5,five_product_average,YP Amazon Offers (7-31).xlsx,2026-07-31
362770,FLYBIRD,166.52,,5,five_product_average,YP Amazon Offers (7-31).xlsx,2026-07-31
363268,MANSPOT,36.11,,5,five_product_average,YP Amazon Offers (7-31).xlsx,2026-07-31
363486,PuroAir,150.481071,,5,five_product_average,YP Amazon Offers (7-31).xlsx,2026-07-31
363524,Waterdrop,142.939091,,5,five_product_average,YP Amazon Offers (7-31).xlsx,2026-07-31
363615,ALL4JIG,109.99,,5,five_product_average,YP Amazon Offers (7-31).xlsx,2026-07-31
364552,Country Kitchen,109.99,,5,five_product_average,YP Amazon Offers (7-31).xlsx,2026-07-31
364682,Dalstrong,218.5,,5,five_product_average,YP Amazon Offers (7-31).xlsx,2026-07-31
364813,Dupray,257.901667,,5,five_product_average,YP Amazon Offers (7-31).xlsx,2026-07-31
365036,FIFINE,101.849412,,5,five_product_average,YP Amazon Offers (7-31).xlsx,2026-07-31
365057,FORM,239.95,,5,five_product_average,YP Amazon Offers (7-31).xlsx,2026-07-31
365296,Gaffer Power,133.253333,,5,five_product_average,YP Amazon Offers (7-31).xlsx,2026-07-31
365789,Intex,204.312857,,5,five_product_average,YP Amazon Offers (7-31).xlsx,2026-07-31
367394,Rev-A-Shelf,276.74,,5,five_product_average,YP Amazon Offers (7-31).xlsx,2026-07-31
367929,StyleCraft,179.95,,5,five_product_average,YP Amazon Offers (7-31).xlsx,2026-07-31
368498,Vivtone,250.833636,,5,five_product_average,YP Amazon Offers (7-31).xlsx,2026-07-31
369001,niphean,301.16,,5,five_product_average,YP Amazon Offers (7-31).xlsx,2026-07-31
369033,qimedo,125.476667,,5,five_product_average,YP Amazon Offers (7-31).xlsx,2026-07-31
369100,v AV Access,268.324286,,5,five_product_average,YP Amazon Offers (7-31).xlsx,2026-07-31
369328,Clarifion,111.12,,5,five_product_average,YP Amazon Offers (7-31).xlsx,2026-07-31
369405,Timekettle,299.023333,,5,five_product_average,YP Amazon Offers (7-31).xlsx,2026-07-31
378620,JasionBike,796.799231,,5,five_product_average,YP Amazon Offers (7-31).xlsx,2026-07-31
380550,Apolosign,307.49,,5,five_product_average,YP Amazon Offers (7-31).xlsx,2026-07-31
380616,Afina,109.05,,5,five_product_average,YP Amazon Offers (7-31).xlsx,2026-07-31
380741,Wahl Clipper Corporation,101.277879,,5,five_product_average,YP Amazon Offers (7-31).xlsx,2026-07-31
380767,Typhur US,146.033529,,5,five_product_average,YP Amazon Offers (7-31).xlsx,2026-07-31
380843,CHEF iQ,113.351111,,5,five_product_average,YP Amazon Offers (7-31).xlsx,2026-07-31
380911,The California Beach Co.,138.558571,,5,five_product_average,YP Amazon Offers (7-31).xlsx,2026-07-31
380936,East Oak,204.99,,5,five_product_average,YP Amazon Offers (7-31).xlsx,2026-07-31
380959,Chefman,115.513167,,5,five_product_average,YP Amazon Offers (7-31).xlsx,2026-07-31
381018,Babysense UK,104.554286,,5,five_product_average,YP Amazon Offers (7-31).xlsx,2026-07-31
381027,Embark Vet,120.064,,5,five_product_average,YP Amazon Offers (7-31).xlsx,2026-07-31
381371,Liforme,117.46875,,5,five_product_average,YP Amazon Offers (7-31).xlsx,2026-07-31
381468,Mikolo Fitness,629.99,,5,five_product_average,YP Amazon Offers (7-31).xlsx,2026-07-31
381558,Babysense FR,123.798571,,5,five_product_average,YP Amazon Offers (7-31).xlsx,2026-07-31
381624,PETRA TOOLS,149.99,,5,five_product_average,YP Amazon Offers (7-31).xlsx,2026-07-31
381721,Alpcour,196.583333,,5,five_product_average,YP Amazon Offers (7-31).xlsx,2026-07-31
382417,EyeVac,223.435,,5,five_product_average,YP Amazon Offers (7-31).xlsx,2026-07-31
382783,Hyperice,273.615385,,5,five_product_average,YP Amazon Offers (7-31).xlsx,2026-07-31
382846,iRESTORE,842.460625,,5,five_product_average,YP Amazon Offers (7-31).xlsx,2026-07-31
383566,Petorldog,149.99,,5,five_product_average,YP Amazon Offers (7-31).xlsx,2026-07-31
385281,Anua,28.66,,5,five_product_average,YP Amazon Offers (7-31).xlsx,2026-07-31
385463,ANTHBOT FR,949.4,,5,five_product_average,YP Amazon Offers (7-31).xlsx,2026-07-31
387792,RENPHO Wellness,84.28,,5,five_product_average,YP Amazon Offers (7-31).xlsx,2026-07-31
389039,DJI UK,277.7,,5,five_product_average,YP Amazon Offers (7-31).xlsx,2026-07-31
398438,Svater,69.72,,5,five_product_average,YP Amazon Offers (7-31).xlsx,2026-07-31
398745,Hisense,1263.14,,5,five_product_average,YP Amazon Offers (7-31).xlsx,2026-07-31
398751,ECOFLOW,2341.18,,5,five_product_average,YP Amazon Offers (7-31).xlsx,2026-07-31
399096,CHEBIO,89.98,,5,five_product_average,YP Amazon Offers (7-31).xlsx,2026-07-31
362152,Wolf Tactical USA,105.2375,,5,five_product_average,YP Amazon Offers (8-3) .xlsx,2026-08-03
362223,Spanx,93,,5,five_product_average,YP Amazon Offers (8-3) .xlsx,2026-08-03
362295,MyMedic,207.15,,5,five_product_average,YP Amazon Offers (8-3) .xlsx,2026-08-03
362442,Gochifix,124.992,,5,five_product_average,YP Amazon Offers (8-3) .xlsx,2026-08-03
362469,ELLA BELLA,76.588889,,5,five_product_average,YP Amazon Offers (8-3) .xlsx,2026-08-03
362477,RingConn Official Store,237.513158,,5,five_product_average,YP Amazon Offers (8-3) .xlsx,2026-08-03
362543,3W,123.99,,5,five_product_average,YP Amazon Offers (8-3) .xlsx,2026-08-03
362602,Productech,129.77,,5,five_product_average,YP Amazon Offers (8-3) .xlsx,2026-08-03
362737,Aeocky Direct,237.49,,5,five_product_average,YP Amazon Offers (8-3) .xlsx,2026-08-03
362770,FLYBIRD,166.52,,5,five_product_average,YP Amazon Offers (8-3) .xlsx,2026-08-03
362807,YOSUDA,105.99,,5,five_product_average,YP Amazon Offers (8-3) .xlsx,2026-08-03
362876,Yeedi,739.99,,5,five_product_average,YP Amazon Offers (8-3) .xlsx,2026-08-03
362947,BOB AND BRAD US,101.888,,5,five_product_average,YP Amazon Offers (8-3) .xlsx,2026-08-03
363037,WOLFBOX-AUTO,295.99,,5,five_product_average,YP Amazon Offers (8-3) .xlsx,2026-08-03
363129,BCAN,109.992,,5,five_product_average,YP Amazon Offers (8-3) .xlsx,2026-08-03
363250,Plank+Beam,222.594,,5,five_product_average,YP Amazon Offers (8-3) .xlsx,2026-08-03
363268,MANSPOT,36.11,,5,five_product_average,YP Amazon Offers (8-3) .xlsx,2026-08-03
363348,Mammotion DE,588.33,,5,five_product_average,YP Amazon Offers (8-3) .xlsx,2026-08-03
363380,Ulike,301.99,,5,five_product_average,YP Amazon Offers (8-3) .xlsx,2026-08-03
363439,Mammotion US,2621,,5,five_product_average,YP Amazon Offers (8-3) .xlsx,2026-08-03
363445,Evolution Outdoor,152.485,,5,five_product_average,YP Amazon Offers (8-3) .xlsx,2026-08-03
364813,Dupray,445.57,,5,five_product_average,YP Amazon Offers (8-3) .xlsx,2026-08-03
367394,Rev-A-Shelf,172.107455,,5,five_product_average,YP Amazon Offers (8-3) .xlsx,2026-08-03
368315,ULTRALOQ,150.662,,5,five_product_average,YP Amazon Offers (8-3) .xlsx,2026-08-03
368498,Vivtone,412.012,,5,five_product_average,YP Amazon Offers (8-3) .xlsx,2026-08-03
368764,ZAFRO,333.176,,5,five_product_average,YP Amazon Offers (8-3) .xlsx,2026-08-03
369158,Focus Camera,249.996,,5,five_product_average,YP Amazon Offers (8-3) .xlsx,2026-08-03
380753,Lucyd,119.594,,5,five_product_average,YP Amazon Offers (8-3) .xlsx,2026-08-03
380770,Babysense,115.99,,5,five_product_average,YP Amazon Offers (8-3) .xlsx,2026-08-03
380843,CHEF iQ,239.205,,5,five_product_average,YP Amazon Offers (8-3) .xlsx,2026-08-03
381371,Liforme,124.966667,,5,five_product_average,YP Amazon Offers (8-3) .xlsx,2026-08-03
381468,Mikolo Fitness,795.99,,5,five_product_average,YP Amazon Offers (8-3) .xlsx,2026-08-03
381558,Babysense FR,108.49625,,5,five_product_average,YP Amazon Offers (8-3) .xlsx,2026-08-03
382417,EyeVac,334.596,,5,five_product_average,YP Amazon Offers (8-3) .xlsx,2026-08-03
382765,HUANUO,197.498,,5,five_product_average,YP Amazon Offers (8-3) .xlsx,2026-08-03
382770,humann,121.077778,,5,five_product_average,YP Amazon Offers (8-3) .xlsx,2026-08-03
382846,iRESTORE,1123.280833,,5,five_product_average,YP Amazon Offers (8-3) .xlsx,2026-08-03
383566,Petorldog,149.99,,5,five_product_average,YP Amazon Offers (8-3) .xlsx,2026-08-03
384440,wirsh,104.59,,5,five_product_average,YP Amazon Offers (8-3) .xlsx,2026-08-03
384686,KingCamp,366.89,,5,five_product_average,YP Amazon Offers (8-3) .xlsx,2026-08-03
384805,SENIX Tools,213.596,,5,five_product_average,YP Amazon Offers (8-3) .xlsx,2026-08-03
384980,WYBOT,679.99,,5,five_product_average,YP Amazon Offers (8-3) .xlsx,2026-08-03
385281,Anua,28.66,,5,five_product_average,YP Amazon Offers (8-3) .xlsx,2026-08-03
385286,GOOLOO,117.99,,5,five_product_average,YP Amazon Offers (8-3) .xlsx,2026-08-03
385315,SABRENT,166.574,,5,five_product_average,YP Amazon Offers (8-3) .xlsx,2026-08-03
385463,ANTHBOT FR,949.4,,5,five_product_average,YP Amazon Offers (8-3) .xlsx,2026-08-03
385480,US-RFN,1099.198,,5,five_product_average,YP Amazon Offers (8-3) .xlsx,2026-08-03
385514,QUINEAR,289.99,,5,five_product_average,YP Amazon Offers (8-3) .xlsx,2026-08-03
385602,Beatbot,1379,,5,five_product_average,YP Amazon Offers (8-3) .xlsx,2026-08-03
386853,eufy Security,208.75806,,5,five_product_average,YP Amazon Offers (8-3) .xlsx,2026-08-03
387267,Roborock Amazon US,554.524615,,5,five_product_average,YP Amazon Offers (8-3) .xlsx,2026-08-03
387317,soundcore,81.23,,5,five_product_average,YP Amazon Offers (8-3) .xlsx,2026-08-03
387792,RENPHO Wellness,84.28,,5,five_product_average,YP Amazon Offers (8-3) .xlsx,2026-08-03
387986,Snailax,105.99,,5,five_product_average,YP Amazon Offers (8-3) .xlsx,2026-08-03
389039,DJI UK,277.7,,5,five_product_average,YP Amazon Offers (8-3) .xlsx,2026-08-03
398438,Svater,69.72,,5,five_product_average,YP Amazon Offers (8-3) .xlsx,2026-08-03
398745,Hisense,1263.14,,5,five_product_average,YP Amazon Offers (8-3) .xlsx,2026-08-03
398751,ECOFLOW,2341.18,,5,five_product_average,YP Amazon Offers (8-3) .xlsx,2026-08-03
399096,CHEBIO,89.98,,5,five_product_average,YP Amazon Offers (8-3) .xlsx,2026-08-03
